{
  "id": "2213614",
  "name": "SP-APP",
  "font_family": "spiconfont",
  "css_prefix_text": "spiconfont-",
  "description": "SP / S+ /  P+",
  "glyphs": [
    {
      "icon_id": "20141326",
      "name": "nav_ic_back",
      "font_class": "nav_ic_back1",
      "unicode": "e694",
      "unicode_decimal": 59028
    },
    {
      "icon_id": "20141192",
      "name": "nav_ic_abb",
      "font_class": "nav_ic_abb",
      "unicode": "e695",
      "unicode_decimal": 59029
    },
    {
      "icon_id": "20141193",
      "name": "nav_ic_live",
      "font_class": "nav_ic_live",
      "unicode": "e696",
      "unicode_decimal": 59030
    },
    {
      "icon_id": "20141194",
      "name": "nav_ic_menu",
      "font_class": "nav_ic_menu",
      "unicode": "e697",
      "unicode_decimal": 59031
    },
    {
      "icon_id": "15838561",
      "name": "arrow-left-bold",
      "font_class": "arrow-left-bold",
      "unicode": "e693",
      "unicode_decimal": 59027
    },
    {
      "icon_id": "19828454",
      "name": "nav_ic_searchbig",
      "font_class": "nav_ic_searchbig",
      "unicode": "e692",
      "unicode_decimal": 59026
    },
    {
      "icon_id": "19810761",
      "name": "nav_ic_point",
      "font_class": "nav_ic_point2x",
      "unicode": "e617",
      "unicode_decimal": 58903
    },
    {
      "icon_id": "19810762",
      "name": "nav_ic_openpoint",
      "font_class": "nav_ic_openpoint2x",
      "unicode": "e619",
      "unicode_decimal": 58905
    },
    {
      "icon_id": "19810700",
      "name": "nav_ic_logo",
      "font_class": "nav_ic_logo2x",
      "unicode": "e616",
      "unicode_decimal": 58902
    },
    {
      "icon_id": "19805401",
      "name": "login_ic_phone",
      "font_class": "login_ic_phone",
      "unicode": "e615",
      "unicode_decimal": 58901
    },
    {
      "icon_id": "19800978",
      "name": "per_ic_planner",
      "font_class": "per_ic_planner",
      "unicode": "e607",
      "unicode_decimal": 58887
    },
    {
      "icon_id": "19800979",
      "name": "per_ic_service",
      "font_class": "per_ic_service",
      "unicode": "e608",
      "unicode_decimal": 58888
    },
    {
      "icon_id": "19800980",
      "name": "per_ic_install",
      "font_class": "per_ic_install",
      "unicode": "e609",
      "unicode_decimal": 58889
    },
    {
      "icon_id": "19800981",
      "name": "per_ic_interview",
      "font_class": "per_ic_interview",
      "unicode": "e611",
      "unicode_decimal": 58897
    },
    {
      "icon_id": "19435567",
      "name": "per_ic_addeditor",
      "font_class": "per_ic_addeditor",
      "unicode": "e691",
      "unicode_decimal": 59025
    },
    {
      "icon_id": "19350317",
      "name": "popup_ic_shield",
      "font_class": "xingzhuang1151",
      "unicode": "e614",
      "unicode_decimal": 58900
    },
    {
      "icon_id": "19236800",
      "name": "commodity_ic_ ttime",
      "font_class": "commodity_ic_ttime",
      "unicode": "e630",
      "unicode_decimal": 58928
    },
    {
      "icon_id": "19236801",
      "name": "commodity_ic_ tplanner",
      "font_class": "commodity_ic_tplanner",
      "unicode": "e68e",
      "unicode_decimal": 59022
    },
    {
      "icon_id": "19236802",
      "name": "commodity_ic_tman",
      "font_class": "commodity_ic_tman",
      "unicode": "e68f",
      "unicode_decimal": 59023
    },
    {
      "icon_id": "19236970",
      "name": "commodity_ic_ tmap",
      "font_class": "commodity_ic_tmap",
      "unicode": "e690",
      "unicode_decimal": 59024
    },
    {
      "icon_id": "19187431",
      "name": "trading_ic_trading",
      "font_class": "trading_ic_trading",
      "unicode": "e613",
      "unicode_decimal": 58899
    },
    {
      "icon_id": "19187203",
      "name": "trading_ic_logo",
      "font_class": "trading_ic_logo",
      "unicode": "e612",
      "unicode_decimal": 58898
    },
    {
      "icon_id": "19132334",
      "name": "trading_ic_price",
      "font_class": "trading_ic_price",
      "unicode": "e610",
      "unicode_decimal": 58896
    },
    {
      "icon_id": "19131819",
      "name": "notify_ic_clock",
      "font_class": "notify_ic_clock1",
      "unicode": "e60f",
      "unicode_decimal": 58895
    },
    {
      "icon_id": "18405858",
      "name": "msg_ic_emoji",
      "font_class": "msg_ic_emoji",
      "unicode": "e626",
      "unicode_decimal": 58918
    },
    {
      "icon_id": "19019506",
      "name": "task_ic_time",
      "font_class": "task_ic_time",
      "unicode": "e6e2",
      "unicode_decimal": 59106
    },
    {
      "icon_id": "18908556",
      "name": "notify__ic_edit",
      "font_class": "notify__ic_edit",
      "unicode": "e60e",
      "unicode_decimal": 58894
    },
    {
      "icon_id": "18908553",
      "name": "notify__ic_home",
      "font_class": "notify__ic_home",
      "unicode": "e60d",
      "unicode_decimal": 58893
    },
    {
      "icon_id": "18908546",
      "name": "notify_ic_search",
      "font_class": "notify_ic_search",
      "unicode": "e60b",
      "unicode_decimal": 58891
    },
    {
      "icon_id": "18908075",
      "name": "nav_ic_more",
      "font_class": "nav_ic_more1",
      "unicode": "e60c",
      "unicode_decimal": 58892
    },
    {
      "icon_id": "18907958",
      "name": "nav_ic_share",
      "font_class": "nav_ic_share1",
      "unicode": "e60a",
      "unicode_decimal": 58890
    },
    {
      "icon_id": "18907844",
      "name": "nav_ic_shop",
      "font_class": "nav_ic_shop",
      "unicode": "e606",
      "unicode_decimal": 58886
    },
    {
      "icon_id": "18904802",
      "name": "personal_ic_authenticate",
      "font_class": "personal_ic_authenticate",
      "unicode": "e602",
      "unicode_decimal": 58882
    },
    {
      "icon_id": "18904803",
      "name": "personal_ic_password",
      "font_class": "personal_ic_password",
      "unicode": "e603",
      "unicode_decimal": 58883
    },
    {
      "icon_id": "18904804",
      "name": "personal_ic_debun",
      "font_class": "personal_ic_debun",
      "unicode": "e604",
      "unicode_decimal": 58884
    },
    {
      "icon_id": "18904805",
      "name": "personal_ic_revise",
      "font_class": "personal_ic_revise",
      "unicode": "e605",
      "unicode_decimal": 58885
    },
    {
      "icon_id": "18796665",
      "name": "input​_ic_open",
      "font_class": "input_ic_open",
      "unicode": "e68d",
      "unicode_decimal": 59021
    },
    {
      "icon_id": "18661735",
      "name": "share_ic_wechat_d",
      "font_class": "share_ic_wechat_d",
      "unicode": "e68c",
      "unicode_decimal": 59020
    },
    {
      "icon_id": "18638587",
      "name": "address_ic_location",
      "font_class": "address_ic_location",
      "unicode": "e6df",
      "unicode_decimal": 59103
    },
    {
      "icon_id": "18624058",
      "name": "per_img_alipay",
      "font_class": "per_img_alipay",
      "unicode": "e688",
      "unicode_decimal": 59016
    },
    {
      "icon_id": "18624059",
      "name": "per_img_apple",
      "font_class": "per_img_apple",
      "unicode": "e689",
      "unicode_decimal": 59017
    },
    {
      "icon_id": "18624060",
      "name": "per_img_qq",
      "font_class": "per_img_qq",
      "unicode": "e68a",
      "unicode_decimal": 59018
    },
    {
      "icon_id": "18624061",
      "name": "per_img_wechat",
      "font_class": "per_img_wechat",
      "unicode": "e68b",
      "unicode_decimal": 59019
    },
    {
      "icon_id": "18609966",
      "name": "sp_ic_head",
      "font_class": "sp_ic_head",
      "unicode": "e6d4",
      "unicode_decimal": 59092
    },
    {
      "icon_id": "18608596",
      "name": "share_ic_link",
      "font_class": "share_ic_link",
      "unicode": "e682",
      "unicode_decimal": 59010
    },
    {
      "icon_id": "18608597",
      "name": "share_ic_message",
      "font_class": "share_ic_message",
      "unicode": "e683",
      "unicode_decimal": 59011
    },
    {
      "icon_id": "18608598",
      "name": "share_ic_wechat",
      "font_class": "share_ic_wechat",
      "unicode": "e684",
      "unicode_decimal": 59012
    },
    {
      "icon_id": "18608599",
      "name": "share_ic_weibo",
      "font_class": "share_ic_weibo",
      "unicode": "e685",
      "unicode_decimal": 59013
    },
    {
      "icon_id": "18608600",
      "name": "share_ic_qq",
      "font_class": "share_ic_qq",
      "unicode": "e686",
      "unicode_decimal": 59014
    },
    {
      "icon_id": "18608601",
      "name": "share_ic_moments",
      "font_class": "share_ic_moments",
      "unicode": "e687",
      "unicode_decimal": 59015
    },
    {
      "icon_id": "18585375",
      "name": "map_img_zb",
      "font_class": "map_img_zb",
      "unicode": "e67f",
      "unicode_decimal": 59007
    },
    {
      "icon_id": "18585777",
      "name": "map_img_dw",
      "font_class": "map_img_dw",
      "unicode": "e680",
      "unicode_decimal": 59008
    },
    {
      "icon_id": "18586329",
      "name": "map_img_cs",
      "font_class": "map_img_cs",
      "unicode": "e681",
      "unicode_decimal": 59009
    },
    {
      "icon_id": "18567955",
      "name": "search_ic_remind",
      "font_class": "search_ic_remind",
      "unicode": "e67e",
      "unicode_decimal": 59006
    },
    {
      "icon_id": "18517823",
      "name": "command_img_questions",
      "font_class": "command_img_questions",
      "unicode": "e62e",
      "unicode_decimal": 58926
    },
    {
      "icon_id": "18517824",
      "name": "command_img_answers",
      "font_class": "command_img_answers",
      "unicode": "e62f",
      "unicode_decimal": 58927
    },
    {
      "icon_id": "18491126",
      "name": "per_ic_id",
      "font_class": "per_ic_id",
      "unicode": "e6d2",
      "unicode_decimal": 59090
    },
    {
      "icon_id": "18474223",
      "name": "popup_img_success",
      "font_class": "popup_img_success",
      "unicode": "e67b",
      "unicode_decimal": 59003
    },
    {
      "icon_id": "18474224",
      "name": "popup_img_fail",
      "font_class": "popup_img_fail",
      "unicode": "e67c",
      "unicode_decimal": 59004
    },
    {
      "icon_id": "18474225",
      "name": "popup_img_warning",
      "font_class": "popup_img_warning",
      "unicode": "e67d",
      "unicode_decimal": 59005
    },
    {
      "icon_id": "18457188",
      "name": "plan_ic_explain",
      "font_class": "plan_ic_explain",
      "unicode": "e601",
      "unicode_decimal": 58881
    },
    {
      "icon_id": "18455760",
      "name": "per_ic_whole",
      "font_class": "per_ic_whole",
      "unicode": "e6cd",
      "unicode_decimal": 59085
    },
    {
      "icon_id": "18455761",
      "name": "per_ic_handle",
      "font_class": "per_ic_handle",
      "unicode": "e6ce",
      "unicode_decimal": 59086
    },
    {
      "icon_id": "18455762",
      "name": "per_ic_payment",
      "font_class": "per_ic_payment",
      "unicode": "e6cf",
      "unicode_decimal": 59087
    },
    {
      "icon_id": "18455763",
      "name": "per_ic_complete",
      "font_class": "per_ic_complete",
      "unicode": "e6d0",
      "unicode_decimal": 59088
    },
    {
      "icon_id": "18455764",
      "name": "per_ic_cancel",
      "font_class": "per_ic_cancel",
      "unicode": "e6d1",
      "unicode_decimal": 59089
    },
    {
      "icon_id": "18455627",
      "name": "notify_ic_close",
      "font_class": "notify_ic_close",
      "unicode": "e67a",
      "unicode_decimal": 59002
    },
    {
      "icon_id": "18435456",
      "name": "per_ic_debunk",
      "font_class": "per_ic_debunk",
      "unicode": "e6c8",
      "unicode_decimal": 59080
    },
    {
      "icon_id": "18435457",
      "name": "per_ic_cooperation",
      "font_class": "per_ic_cooperation",
      "unicode": "e6c9",
      "unicode_decimal": 59081
    },
    {
      "icon_id": "18435458",
      "name": "per_ic_about",
      "font_class": "per_ic_about",
      "unicode": "e6ca",
      "unicode_decimal": 59082
    },
    {
      "icon_id": "18435459",
      "name": "per_ic_help",
      "font_class": "per_ic_help",
      "unicode": "e6cb",
      "unicode_decimal": 59083
    },
    {
      "icon_id": "18435460",
      "name": "per_ic_entrust",
      "font_class": "per_ic_entrust",
      "unicode": "e6cc",
      "unicode_decimal": 59084
    },
    {
      "icon_id": "18435204",
      "name": "details_ic_time",
      "font_class": "details_ic_time",
      "unicode": "e6c7",
      "unicode_decimal": 59079
    },
    {
      "icon_id": "18434789",
      "name": "details_ic_Completed",
      "font_class": "details_ic_Completed",
      "unicode": "e6c4",
      "unicode_decimal": 59076
    },
    {
      "icon_id": "18434790",
      "name": "details_ic_Unpaid",
      "font_class": "details_ic_Unpaid",
      "unicode": "e6c5",
      "unicode_decimal": 59077
    },
    {
      "icon_id": "18434791",
      "name": "details_ic_sigh",
      "font_class": "details_ic_sigh",
      "unicode": "e6c6",
      "unicode_decimal": 59078
    },
    {
      "icon_id": "18413624",
      "name": "upload_ic_img",
      "font_class": "upload_ic_img",
      "unicode": "e618",
      "unicode_decimal": 58904
    },
    {
      "icon_id": "18404831",
      "name": "per_ic_edit",
      "font_class": "per_ic_edit",
      "unicode": "e6b7",
      "unicode_decimal": 59063
    },
    {
      "icon_id": "18404031",
      "name": "per_ic_set",
      "font_class": "per_ic_set",
      "unicode": "e6b3",
      "unicode_decimal": 59059
    },
    {
      "icon_id": "18403481",
      "name": "notify_ic_tel",
      "font_class": "notify_ic_tel",
      "unicode": "e679",
      "unicode_decimal": 59001
    },
    {
      "icon_id": "18403349",
      "name": "per_ic_addressr",
      "font_class": "per_ic_addressr",
      "unicode": "e6b2",
      "unicode_decimal": 59058
    },
    {
      "icon_id": "18403295",
      "name": "per_ic_path",
      "font_class": "per_ic_path",
      "unicode": "e6b1",
      "unicode_decimal": 59057
    },
    {
      "icon_id": "18403291",
      "name": "per_ic_customer",
      "font_class": "per_ic_customer",
      "unicode": "e6af",
      "unicode_decimal": 59055
    },
    {
      "icon_id": "18374768",
      "name": "search_ic_re",
      "font_class": "search_ic_re",
      "unicode": "e678",
      "unicode_decimal": 59000
    },
    {
      "icon_id": "18374767",
      "name": "search_ic_hot",
      "font_class": "search_ic_hot",
      "unicode": "e677",
      "unicode_decimal": 58999
    },
    {
      "icon_id": "18374756",
      "name": "search_ic_deleted",
      "font_class": "search_ic_deleted",
      "unicode": "e673",
      "unicode_decimal": 58995
    },
    {
      "icon_id": "18360095",
      "name": "shop_ic_next",
      "font_class": "shop_ic_next",
      "unicode": "e670",
      "unicode_decimal": 58992
    },
    {
      "icon_id": "18360096",
      "name": "shop_ic_radio_n",
      "font_class": "shop_ic_radio_n",
      "unicode": "e671",
      "unicode_decimal": 58993
    },
    {
      "icon_id": "18360097",
      "name": "shop_ic_open",
      "font_class": "shop_ic_open",
      "unicode": "e672",
      "unicode_decimal": 58994
    },
    {
      "icon_id": "18360099",
      "name": "shop_ic_radio_s",
      "font_class": "shop_ic_radio_s",
      "unicode": "e674",
      "unicode_decimal": 58996
    },
    {
      "icon_id": "18360100",
      "name": "shop_ic_reduce",
      "font_class": "shop_ic_reduce",
      "unicode": "e675",
      "unicode_decimal": 58997
    },
    {
      "icon_id": "18360101",
      "name": "shop_ic_add",
      "font_class": "shop_ic_add",
      "unicode": "e676",
      "unicode_decimal": 58998
    },
    {
      "icon_id": "18358250",
      "name": "pay_ic_alipay",
      "font_class": "pay_ic_alipay",
      "unicode": "e66b",
      "unicode_decimal": 58987
    },
    {
      "icon_id": "18358044",
      "name": "pay_ic_fail",
      "font_class": "pay_ic_fail",
      "unicode": "e669",
      "unicode_decimal": 58985
    },
    {
      "icon_id": "18358045",
      "name": "pay_ic_radio_n",
      "font_class": "pay_ic_radio_n",
      "unicode": "e66a",
      "unicode_decimal": 58986
    },
    {
      "icon_id": "18358047",
      "name": "pay_ic_bank",
      "font_class": "pay_ic_bank",
      "unicode": "e66c",
      "unicode_decimal": 58988
    },
    {
      "icon_id": "18358048",
      "name": "pay_ic_wechat",
      "font_class": "pay_ic_wechat",
      "unicode": "e66d",
      "unicode_decimal": 58989
    },
    {
      "icon_id": "18358049",
      "name": "pay_ic_success",
      "font_class": "pay_ic_success",
      "unicode": "e66e",
      "unicode_decimal": 58990
    },
    {
      "icon_id": "18358050",
      "name": "pay_ic_radio_s",
      "font_class": "pay_ic_radio_s",
      "unicode": "e66f",
      "unicode_decimal": 58991
    },
    {
      "icon_id": "18358042",
      "name": "order_ic_listnext",
      "font_class": "order_ic_listnext",
      "unicode": "e667",
      "unicode_decimal": 58983
    },
    {
      "icon_id": "18358043",
      "name": "order_ic_success",
      "font_class": "order_ic_success",
      "unicode": "e668",
      "unicode_decimal": 58984
    },
    {
      "icon_id": "18358033",
      "name": "news_ic_score",
      "font_class": "news_ic_score",
      "unicode": "e665",
      "unicode_decimal": 58981
    },
    {
      "icon_id": "18358034",
      "name": "news_ic_heat",
      "font_class": "news_ic_heat",
      "unicode": "e666",
      "unicode_decimal": 58982
    },
    {
      "icon_id": "18358028",
      "name": "home_ic_change",
      "font_class": "home_ic_change1",
      "unicode": "e663",
      "unicode_decimal": 58979
    },
    {
      "icon_id": "18358029",
      "name": "home_ic_remind",
      "font_class": "home_ic_remind1",
      "unicode": "e664",
      "unicode_decimal": 58980
    },
    {
      "icon_id": "18357960",
      "name": "login_ic_qq",
      "font_class": "login_ic_qq",
      "unicode": "e662",
      "unicode_decimal": 58978
    },
    {
      "icon_id": "18357805",
      "name": "login_ic_appstore",
      "font_class": "login_ic_appstore",
      "unicode": "e661",
      "unicode_decimal": 58977
    },
    {
      "icon_id": "18357587",
      "name": "login_img_tel",
      "font_class": "login_img_tel",
      "unicode": "e660",
      "unicode_decimal": 58976
    },
    {
      "icon_id": "18357503",
      "name": "login_ic_wechat",
      "font_class": "login_ic_wechat",
      "unicode": "e65f",
      "unicode_decimal": 58975
    },
    {
      "icon_id": "18357461",
      "name": "login_ic_alipay",
      "font_class": "login_ic_alipay",
      "unicode": "e65e",
      "unicode_decimal": 58974
    },
    {
      "icon_id": "18357353",
      "name": "login_ic_radio_s",
      "font_class": "login_ic_radio_s",
      "unicode": "e65d",
      "unicode_decimal": 58973
    },
    {
      "icon_id": "18354656",
      "name": "login_ic_radio_n",
      "font_class": "login_ic_radio_n",
      "unicode": "e65c",
      "unicode_decimal": 58972
    },
    {
      "icon_id": "18353610",
      "name": "login_ic_look",
      "font_class": "login_ic_look",
      "unicode": "e65a",
      "unicode_decimal": 58970
    },
    {
      "icon_id": "18352277",
      "name": "login_ic_dislook",
      "font_class": "login_ic_dislook",
      "unicode": "e659",
      "unicode_decimal": 58969
    },
    {
      "icon_id": "18352287",
      "name": "login_ic_clear",
      "font_class": "login_ic_clear",
      "unicode": "e65b",
      "unicode_decimal": 58971
    },
    {
      "icon_id": "18351379",
      "name": "home_ic_change",
      "font_class": "home_ic_change",
      "unicode": "e657",
      "unicode_decimal": 58967
    },
    {
      "icon_id": "18351380",
      "name": "home_ic_remind",
      "font_class": "home_ic_remind",
      "unicode": "e658",
      "unicode_decimal": 58968
    },
    {
      "icon_id": "18351352",
      "name": "list_ic_next",
      "font_class": "list_ic_next",
      "unicode": "e656",
      "unicode_decimal": 58966
    },
    {
      "icon_id": "18351283",
      "name": "popup_ic_closeb",
      "font_class": "popup_ic_closeb",
      "unicode": "e654",
      "unicode_decimal": 58964
    },
    {
      "icon_id": "18351284",
      "name": "popup_ic_close",
      "font_class": "popup_ic_close",
      "unicode": "e655",
      "unicode_decimal": 58965
    },
    {
      "icon_id": "18350871",
      "name": "bubb_ic_close",
      "font_class": "bubb_ic_close",
      "unicode": "e653",
      "unicode_decimal": 58963
    },
    {
      "icon_id": "18350709",
      "name": "notify_ic_next",
      "font_class": "notify_ic_next",
      "unicode": "e652",
      "unicode_decimal": 58962
    },
    {
      "icon_id": "18350670",
      "name": "notify_ic_clock",
      "font_class": "notify_ic_clock",
      "unicode": "e651",
      "unicode_decimal": 58961
    },
    {
      "icon_id": "18349888",
      "name": "notify_ic_msg",
      "font_class": "notify_ic_msg",
      "unicode": "e64e",
      "unicode_decimal": 58958
    },
    {
      "icon_id": "18349889",
      "name": "notify_ic_close1",
      "font_class": "notify_ic_close1",
      "unicode": "e64f",
      "unicode_decimal": 58959
    },
    {
      "icon_id": "18349890",
      "name": "notify_ic_chat",
      "font_class": "notify_ic_chat",
      "unicode": "e650",
      "unicode_decimal": 58960
    },
    {
      "icon_id": "18349882",
      "name": "notify_img_logo",
      "font_class": "notify_img_logo",
      "unicode": "e64d",
      "unicode_decimal": 58957
    },
    {
      "icon_id": "18349232",
      "name": "nav_ic_close",
      "font_class": "nav_ic_close",
      "unicode": "e648",
      "unicode_decimal": 58952
    },
    {
      "icon_id": "18349233",
      "name": "nav_ic_share",
      "font_class": "nav_ic_share",
      "unicode": "e649",
      "unicode_decimal": 58953
    },
    {
      "icon_id": "18349234",
      "name": "nav_ic_msg",
      "font_class": "nav_ic_msg",
      "unicode": "e64a",
      "unicode_decimal": 58954
    },
    {
      "icon_id": "18349235",
      "name": "nav_ic_back",
      "font_class": "nav_ic_back",
      "unicode": "e64b",
      "unicode_decimal": 58955
    },
    {
      "icon_id": "18349236",
      "name": "nav_ic_code",
      "font_class": "nav_ic_code",
      "unicode": "e64c",
      "unicode_decimal": 58956
    },
    {
      "icon_id": "18349204",
      "name": "sear_ic_sear",
      "font_class": "sear_ic_sear",
      "unicode": "e645",
      "unicode_decimal": 58949
    },
    {
      "icon_id": "18349205",
      "name": "sear_ic_open",
      "font_class": "sear_ic_open",
      "unicode": "e646",
      "unicode_decimal": 58950
    },
    {
      "icon_id": "18349206",
      "name": "sear_ic_clear",
      "font_class": "sear_ic_clear",
      "unicode": "e647",
      "unicode_decimal": 58951
    },
    {
      "icon_id": "18349178",
      "name": "tab_ic_check",
      "font_class": "tab_ic_check",
      "unicode": "e644",
      "unicode_decimal": 58948
    },
    {
      "icon_id": "18348704",
      "name": "tab_ic_checkbox_s",
      "font_class": "tab_ic_checkbox_s",
      "unicode": "e63c",
      "unicode_decimal": 58940
    },
    {
      "icon_id": "18348705",
      "name": "tab_ic_checkbox_n",
      "font_class": "tab_ic_checkbox_n",
      "unicode": "e63d",
      "unicode_decimal": 58941
    },
    {
      "icon_id": "18348706",
      "name": "tab_ic_redu",
      "font_class": "tab_ic_redu",
      "unicode": "e63e",
      "unicode_decimal": 58942
    },
    {
      "icon_id": "18348707",
      "name": "tab_ic_act",
      "font_class": "tab_ic_act",
      "unicode": "e63f",
      "unicode_decimal": 58943
    },
    {
      "icon_id": "18348708",
      "name": "tab_ic_all_n",
      "font_class": "tab_ic_all_n",
      "unicode": "e640",
      "unicode_decimal": 58944
    },
    {
      "icon_id": "18348709",
      "name": "tap_ic_pen_s",
      "font_class": "tap_ic_pen_s",
      "unicode": "e641",
      "unicode_decimal": 58945
    },
    {
      "icon_id": "18348710",
      "name": "tap_ic_pen_n",
      "font_class": "tap_ic_pen_n",
      "unicode": "e642",
      "unicode_decimal": 58946
    },
    {
      "icon_id": "18348711",
      "name": "tab_ic_all_s",
      "font_class": "tab_ic_all_s",
      "unicode": "e643",
      "unicode_decimal": 58947
    },
    {
      "icon_id": "18348676",
      "name": "toast_ic_error",
      "font_class": "toast_ic_error",
      "unicode": "e638",
      "unicode_decimal": 58936
    },
    {
      "icon_id": "18348677",
      "name": "toast_ic_load",
      "font_class": "toast_ic_load",
      "unicode": "e639",
      "unicode_decimal": 58937
    },
    {
      "icon_id": "18348678",
      "name": "toast_ic_remind",
      "font_class": "toast_ic_remind",
      "unicode": "e63a",
      "unicode_decimal": 58938
    },
    {
      "icon_id": "18348679",
      "name": "toast_ic_comp",
      "font_class": "toast_ic_comp",
      "unicode": "e63b",
      "unicode_decimal": 58939
    },
    {
      "icon_id": "18348669",
      "name": "buoy_ic_top",
      "font_class": "buoy_ic_top",
      "unicode": "e636",
      "unicode_decimal": 58934
    },
    {
      "icon_id": "18348670",
      "name": "buoy_ic_recom",
      "font_class": "buoy_ic_recom",
      "unicode": "e637",
      "unicode_decimal": 58935
    },
    {
      "icon_id": "18348658",
      "name": "tabbar_ic_order",
      "font_class": "tabbar_ic_order",
      "unicode": "e631",
      "unicode_decimal": 58929
    },
    {
      "icon_id": "18348659",
      "name": "tabbar_ic_personal",
      "font_class": "tabbar_ic_personal",
      "unicode": "e632",
      "unicode_decimal": 58930
    },
    {
      "icon_id": "18348660",
      "name": "tabbar_ic_home",
      "font_class": "tabbar_ic_home",
      "unicode": "e633",
      "unicode_decimal": 58931
    },
    {
      "icon_id": "18348661",
      "name": "tabbar_ic_news",
      "font_class": "tabbar_ic_news",
      "unicode": "e634",
      "unicode_decimal": 58932
    },
    {
      "icon_id": "18348662",
      "name": "tabbar_ic_msg",
      "font_class": "tabbar_ic_msg",
      "unicode": "e635",
      "unicode_decimal": 58933
    }
  ]
}
